Leg,Round,Right Fencer,Left Fencer,Right Score,Left Score,MOV,Outcome,Scaled Outcome
20251,pool1,ROSAROS JULIAN GUILE,SORIANO JESSO CONNER,5,2,3,1,0.8
20251,pool1,CONCEPCION CHRISTIAN JHESTER,IBAY RAVI MICHAEL,5,1,4,1,0.9
20251,pool1,SORIANO JESSO CONNER,RAMOS ANGELO,3,5,-2,0,0.3
20251,pool1,IBAY RAVI MICHAEL,ARCE ALBERTO GREGORIO II,4,5,-1,0,0.4
20251,pool1,RAMOS ANGELO,ROSAROS JULIAN GUILE,5,3,2,1,0.7
20251,pool1,ARCE ALBERTO GREGORIO II,CONCEPCION CHRISTIAN JHESTER,2,5,-3,0,0.2
20251,pool1,SORIANO JESSO CONNER,IBAY RAVI MICHAEL,1,5,-4,0,0.1
20251,pool1,ROSAROS JULIAN GUILE,CONCEPCION CHRISTIAN JHESTER,1,5,-4,0,0.1
20251,pool1,IBAY RAVI MICHAEL,RAMOS ANGELO,5,4,1,1,0.6
20251,pool1,ROSAROS JULIAN GUILE,ARCE ALBERTO GREGORIO II,5,3,2,1,0.7
20251,pool1,CONCEPCION CHRISTIAN JHESTER,SORIANO JESSO CONNER,5,1,4,1,0.9
20251,pool1,RAMOS ANGELO,ARCE ALBERTO GREGORIO II,5,2,3,1,0.8
20251,pool1,IBAY RAVI MICHAEL,ROSAROS JULIAN GUILE,5,4,1,1,0.6
20251,pool1,RAMOS ANGELO,CONCEPCION CHRISTIAN JHESTER,1,5,-4,0,0.1
20251,pool1,ARCE ALBERTO GREGORIO II,SORIANO JESSO CONNER,5,1,4,1,0.9
20251,pool2,LAUREDO KHALIL,DIAZ MIGIE,4,5,-1,0,0.4
20251,pool2,VILLANUEVA EUNICE DANIEL,ENCISO GABRIEL JEREMY,5,1,4,1,0.9
20251,pool2,IGNACIO JEAN MATTHEW,CORTEZ LARCO,5,3,2,1,0.7
20251,pool2,BUENAVENTURA JHONEL,LAUREDO KHALIL,5,1,4,1,0.9
20251,pool2,ENCISO GABRIEL JEREMY,DIAZ MIGIE,3,5,-2,0,0.3
20251,pool2,VILLANUEVA EUNICE DANIEL,IGNACIO JEAN MATTHEW,5,1,4,1,0.9
20251,pool2,BUENAVENTURA JHONEL,CORTEZ LARCO,1,5,-4,0,0.1
20251,pool2,ENCISO GABRIEL JEREMY,LAUREDO KHALIL,5,0,5,1,1
20251,pool2,DIAZ MIGIE,IGNACIO JEAN MATTHEW,1,5,-4,0,0.1
20251,pool2,VILLANUEVA EUNICE DANIEL,CORTEZ LARCO,5,2,3,1,0.8
20251,pool2,ENCISO GABRIEL JEREMY,BUENAVENTURA JHONEL,2,5,-3,0,0.2
20251,pool2,IGNACIO JEAN MATTHEW,LAUREDO KHALIL,5,1,4,1,0.9
20251,pool2,DIAZ MIGIE,CORTEZ LARCO,0,5,-5,0,0
20251,pool2,BUENAVENTURA JHONEL,VILLANUEVA EUNICE DANIEL,1,5,-4,0,0.1
20251,pool2,IGNACIO JEAN MATTHEW,ENCISO GABRIEL JEREMY,5,0,5,1,1
20251,pool2,LAUREDO KHALIL,CORTEZ LARCO,2,5,-3,0,0.2
20251,pool2,VILLANUEVA EUNICE DANIEL,DIAZ MIGIE,5,0,5,1,1
20251,pool2,BUENAVENTURA JHONEL,IGNACIO JEAN MATTHEW,1,5,-4,0,0.1
20251,pool2,ENCISO GABRIEL JEREMY,CORTEZ LARCO,5,4,1,1,0.6
20251,pool2,LAUREDO KHALIL,VILLANUEVA EUNICE DANIEL,1,5,-4,0,0.1
20251,pool2,DIAZ MIGIE,BUENAVENTURA JHONEL,1,5,-4,0,0.1
20251,pool3,SANTOS NERITO IV,ACERON SEBASTIEN ADAM,0,5,-5,0,0
20251,pool3,FELIPE KHIANE NASH,DAYRO JULIAN,5,2,3,1,0.8
20251,pool3,BUENAVENTURA CHRISTIAN ANTONIO,SO PETER,5,0,5,1,1
20251,pool3,DIZON ARYX NIKO,SANTOS NERITO IV,4,5,-1,0,0.4
20251,pool3,DAYRO JULIAN,ACERON SEBASTIEN ADAM,4,5,-1,0,0.4
20251,pool3,FELIPE KHIANE NASH,BUENAVENTURA CHRISTIAN ANTONIO,5,3,2,1,0.7
20251,pool3,SO PETER,DIZON ARYX NIKO,2,5,-3,0,0.2
20251,pool3,DAYRO JULIAN,SANTOS NERITO IV,5,1,4,1,0.9
20251,pool3,ACERON SEBASTIEN ADAM,BUENAVENTURA CHRISTIAN ANTONIO,2,5,-3,0,0.2
20251,pool3,SO PETER,FELIPE KHIANE NASH,2,5,-3,0,0.2
20251,pool3,DAYRO JULIAN,DIZON ARYX NIKO,5,3,2,1,0.7
20251,pool3,BUENAVENTURA CHRISTIAN ANTONIO,SANTOS NERITO IV,5,0,5,1,1
20251,pool3,ACERON SEBASTIEN ADAM,SO PETER,5,3,2,1,0.7
20251,pool3,DIZON ARYX NIKO,FELIPE KHIANE NASH,0,5,-5,0,0
20251,pool3,BUENAVENTURA CHRISTIAN ANTONIO,DAYRO JULIAN,5,1,4,1,0.9
20251,pool3,SANTOS NERITO IV,SO PETER,1,5,-4,0,0.1
20251,pool3,FELIPE KHIANE NASH,ACERON SEBASTIEN ADAM,5,4,1,1,0.6
20251,pool3,DIZON ARYX NIKO,BUENAVENTURA CHRISTIAN ANTONIO,0,5,-5,0,0
20251,pool3,SO PETER,DAYRO JULIAN,0,5,-5,0,0
20251,pool3,SANTOS NERITO IV,FELIPE KHIANE NASH,1,5,-4,0,0.1
20251,pool3,ACERON SEBASTIEN ADAM,DIZON ARYX NIKO,5,0,5,1,1
20251,pool4,JIMENEZ II RAPHAEL MARTIN,RONSAYRO ENRICO JOAQUIN,5,2,3,1,0.8
20251,pool4,BELLEZA LANZ JEREMY,CABREDO INIGO JOAQUIN,5,2,3,1,0.8
20251,pool4,CONCEPCION CHRISTIAN ANTHONY,VILLADOLID JORGE FRANCISCO,5,3,2,1,0.7
20251,pool4,CABRERA THOMAS ROBERT,JIMENEZ II RAPHAEL MARTIN,5,3,2,1,0.7
20251,pool4,BELLEZA LANZ JEREMY,VILLADOLID JORGE FRANCISCO,4,5,-1,0,0.4
20251,pool4,RONSAYRO ENRICO JOAQUIN,CABRERA THOMAS ROBERT,1,5,-4,0,0.1
20251,pool4,CABREDO INIGO JOAQUIN,JIMENEZ II RAPHAEL MARTIN,5,3,2,1,0.7
20251,pool4,CONCEPCION CHRISTIAN ANTHONY,RONSAYRO ENRICO JOAQUIN,5,0,5,1,1
20251,pool4,CABRERA THOMAS ROBERT,BELLEZA LANZ JEREMY,5,4,1,1,0.6
20251,pool4,CABREDO INIGO JOAQUIN,VILLADOLID JORGE FRANCISCO,4,5,-1,0,0.4
20251,pool4,JIMENEZ II RAPHAEL MARTIN,CONCEPCION CHRISTIAN ANTHONY,5,4,1,1,0.6
20251,pool4,BELLEZA LANZ JEREMY,RONSAYRO ENRICO JOAQUIN,5,0,5,1,1
20251,pool4,CABRERA THOMAS ROBERT,VILLADOLID JORGE FRANCISCO,5,0,5,1,1
20251,pool4,CABREDO INIGO JOAQUIN,CONCEPCION CHRISTIAN ANTHONY,2,5,-3,0,0.2
20251,pool4,JIMENEZ II RAPHAEL MARTIN,BELLEZA LANZ JEREMY,5,2,3,1,0.8
20251,pool4,RONSAYRO ENRICO JOAQUIN,VILLADOLID JORGE FRANCISCO,2,5,-3,0,0.2
20251,pool4,CABREDO INIGO JOAQUIN,CABRERA THOMAS ROBERT,4,5,-1,0,0.4
20251,pool4,CONCEPCION CHRISTIAN ANTHONY,BELLEZA LANZ JEREMY,5,0,5,1,1
20251,pool4,JIMENEZ II RAPHAEL MARTIN,VILLADOLID JORGE FRANCISCO,5,3,2,1,0.7
20251,pool4,RONSAYRO ENRICO JOAQUIN,CABREDO INIGO JOAQUIN,5,1,4,1,0.9
20251,pool4,CABRERA THOMAS ROBERT,CONCEPCION CHRISTIAN ANTHONY,2,5,-3,0,0.2
20251,pool5,AGATEP ANDRE DOMINIC,BIASON ALFONSO GABRIEL,5,0,5,1,1
20251,pool5,COCHING VITO MISAEL,CO BIRKIN EMELIANEN,5,1,4,1,0.9
20251,pool5,SENDICO EILRAHC,REYES XAVIER MATTHEW,2,5,-3,0,0.2
20251,pool5,SIEMBRA JOHN BRYAN,AGATEP ANDRE DOMINIC,2,5,-3,0,0.2
20251,pool5,CO BIRKIN EMELIANEN,BIASON ALFONSO GABRIEL,5,4,1,1,0.6
20251,pool5,COCHING VITO MISAEL,SENDICO EILRAHC,5,4,1,1,0.6
20251,pool5,REYES XAVIER MATTHEW,SIEMBRA JOHN BRYAN,5,0,5,1,1
20251,pool5,CO BIRKIN EMELIANEN,AGATEP ANDRE DOMINIC,0,5,-5,0,0
20251,pool5,BIASON ALFONSO GABRIEL,SENDICO EILRAHC,1,5,-4,0,0.1
20251,pool5,REYES XAVIER MATTHEW,COCHING VITO MISAEL,5,4,1,1,0.6
20251,pool5,CO BIRKIN EMELIANEN,SIEMBRA JOHN BRYAN,5,4,1,1,0.6
20251,pool5,SENDICO EILRAHC,AGATEP ANDRE DOMINIC,3,5,-2,0,0.3
20251,pool5,BIASON ALFONSO GABRIEL,REYES XAVIER MATTHEW,1,5,-4,0,0.1
20251,pool5,SIEMBRA JOHN BRYAN,COCHING VITO MISAEL,2,5,-3,0,0.2
20251,pool5,SENDICO EILRAHC,CO BIRKIN EMELIANEN,5,1,4,1,0.9
20251,pool5,AGATEP ANDRE DOMINIC,REYES XAVIER MATTHEW,5,4,1,1,0.6
20251,pool5,COCHING VITO MISAEL,BIASON ALFONSO GABRIEL,5,1,4,1,0.9
20251,pool5,SIEMBRA JOHN BRYAN,SENDICO EILRAHC,4,5,-1,0,0.4
20251,pool5,REYES XAVIER MATTHEW,CO BIRKIN EMELIANEN,5,1,4,1,0.9
20251,pool5,AGATEP ANDRE DOMINIC,COCHING VITO MISAEL,4,5,-1,0,0.4
20251,pool5,BIASON ALFONSO GABRIEL,SIEMBRA JOHN BRYAN,3,5,-2,0,0.3
20251,pool6,SUPLICO ENRICO LUCIO,GENERAL MATTHEW LUIS,5,0,5,1,1
20251,pool6,OLARTE EYCE WIN,DAYRO JOHN PAUL,1,5,-4,0,0.1
20251,pool6,FERNANDEZ LYON MARCUS,MARUQUEZ KURT ROZAT,0,5,-5,0,0
20251,pool6,DAYRO JOHN PAUL,SUPLICO ENRICO LUCIO,5,0,5,1,1
20251,pool6,GENERAL MATTHEW LUIS,FERNANDEZ LYON MARCUS,5,1,4,1,0.9
20251,pool6,OLARTE EYCE WIN,MARUQUEZ KURT ROZAT,3,5,-2,0,0.3
20251,pool6,SUPLICO ENRICO LUCIO,FERNANDEZ LYON MARCUS,5,0,5,1,1
20251,pool6,DAYRO JOHN PAUL,MARUQUEZ KURT ROZAT,4,5,-1,0,0.4
20251,pool6,OLARTE EYCE WIN,GENERAL MATTHEW LUIS,2,5,-3,0,0.2
20251,pool6,SUPLICO ENRICO LUCIO,MARUQUEZ KURT ROZAT,1,5,-4,0,0.1
20251,pool6,FERNANDEZ LYON MARCUS,OLARTE EYCE WIN,5,4,1,1,0.6
20251,pool6,GENERAL MATTHEW LUIS,DAYRO JOHN PAUL,1,5,-4,0,0.1
20251,pool6,SUPLICO ENRICO LUCIO,OLARTE EYCE WIN,5,0,5,1,1
20251,pool6,GENERAL MATTHEW LUIS,MARUQUEZ KURT ROZAT,1,5,-4,0,0.1
20251,pool6,DAYRO JOHN PAUL,FERNANDEZ LYON MARCUS,5,1,4,1,0.9
20251,pool7,ESTRADA JOSE YNIGO,MOULIC MAIRON JEREMIAH,1,5,-4,0,0.1
20251,pool7,BAYDID ANTONIO DOMINIC,BABATIO CHARLES EDUARD,1,5,-4,0,0.1
20251,pool7,ALARCON JACOB LUCAS,SAN DIEGO MATTHEW,4,5,-1,0,0.4
20251,pool7,PALMADO MARCO ZESTER,ESTRADA JOSE YNIGO,3,5,-2,0,0.3
20251,pool7,BABATIO CHARLES EDUARD,MOULIC MAIRON JEREMIAH,5,2,3,1,0.8
20251,pool7,BAYDID ANTONIO DOMINIC,ALARCON JACOB LUCAS,5,3,2,1,0.7
20251,pool7,SAN DIEGO MATTHEW,PALMADO MARCO ZESTER,5,1,4,1,0.9
20251,pool7,BABATIO CHARLES EDUARD,ESTRADA JOSE YNIGO,5,4,1,1,0.6
20251,pool7,MOULIC MAIRON JEREMIAH,ALARCON JACOB LUCAS,5,0,5,1,1
20251,pool7,SAN DIEGO MATTHEW,BAYDID ANTONIO DOMINIC,4,5,-1,0,0.4
20251,pool7,BABATIO CHARLES EDUARD,PALMADO MARCO ZESTER,5,2,3,1,0.8
20251,pool7,ALARCON JACOB LUCAS,ESTRADA JOSE YNIGO,5,3,2,1,0.7
20251,pool7,MOULIC MAIRON JEREMIAH,SAN DIEGO MATTHEW,5,0,5,1,1
20251,pool7,PALMADO MARCO ZESTER,BAYDID ANTONIO DOMINIC,5,4,1,1,0.6
20251,pool7,ALARCON JACOB LUCAS,BABATIO CHARLES EDUARD,4,5,-1,0,0.4
20251,pool7,ESTRADA JOSE YNIGO,SAN DIEGO MATTHEW,5,3,2,1,0.7
20251,pool7,BAYDID ANTONIO DOMINIC,MOULIC MAIRON JEREMIAH,4,5,-1,0,0.4
20251,pool7,PALMADO MARCO ZESTER,ALARCON JACOB LUCAS,5,2,3,1,0.8
20251,pool7,SAN DIEGO MATTHEW,BABATIO CHARLES EDUARD,1,5,-4,0,0.1
20251,pool7,ESTRADA JOSE YNIGO,BAYDID ANTONIO DOMINIC,1,5,-4,0,0.1
20251,pool7,MOULIC MAIRON JEREMIAH,PALMADO MARCO ZESTER,5,2,3,1,0.8
20252,pool1,GALLEGOS AVIAN GUINTO SOLEIL,VILLADOLID JORGE FRANCISCO,5,4,1,1,0.6
20252,pool1,SUPLICO ENRICO LUCIO,DAKANAY JOHN LUCAS,5,1,4,1,0.9
20252,pool1,CONCEPCION CHRISTIAN JHESTER,IGNACIO JEAN MATTHEW,5,1,4,1,0.9
20252,pool1,BELLEZA LANZ JEREMY,VILLADOLID JORGE FRANCISCO,4,5,-1,0,0.4
20252,pool1,DAKANAY JOHN LUCAS,GALLEGOS AVIAN GUINTO SOLEIL,5,1,4,1,0.9
20252,pool1,SUPLICO ENRICO LUCIO,CONCEPCION CHRISTIAN JHESTER,1,5,-4,0,0.1
20252,pool1,IGNACIO JEAN MATTHEW,BELLEZA LANZ JEREMY,5,1,4,1,0.9
20252,pool1,DAKANAY JOHN LUCAS,VILLADOLID JORGE FRANCISCO,4,5,-1,0,0.4
20252,pool1,GALLEGOS AVIAN GUINTO SOLEIL,CONCEPCION CHRISTIAN JHESTER,0,5,-5,0,0
20252,pool1,IGNACIO JEAN MATTHEW,SUPLICO ENRICO LUCIO,5,3,2,1,0.7
20252,pool1,DAKANAY JOHN LUCAS,BELLEZA LANZ JEREMY,2,5,-3,0,0.2
20252,pool1,CONCEPCION CHRISTIAN JHESTER,VILLADOLID JORGE FRANCISCO,5,0,5,1,1
20252,pool1,GALLEGOS AVIAN GUINTO SOLEIL,IGNACIO JEAN MATTHEW,2,5,-3,0,0.2
20252,pool1,BELLEZA LANZ JEREMY,SUPLICO ENRICO LUCIO,3,5,-2,0,0.3
20252,pool1,CONCEPCION CHRISTIAN JHESTER,DAKANAY JOHN LUCAS,5,1,4,1,0.9
20252,pool1,IGNACIO JEAN MATTHEW,VILLADOLID JORGE FRANCISCO,5,1,4,1,0.9
20252,pool1,SUPLICO ENRICO LUCIO,GALLEGOS AVIAN GUINTO SOLEIL,5,1,4,1,0.9
20252,pool1,BELLEZA LANZ JEREMY,CONCEPCION CHRISTIAN JHESTER,3,5,-2,0,0.3
20252,pool1,IGNACIO JEAN MATTHEW,DAKANAY JOHN LUCAS,5,1,4,1,0.9
20252,pool1,SUPLICO ENRICO LUCIO,VILLADOLID JORGE FRANCISCO,5,3,2,1,0.7
20252,pool1,GALLEGOS AVIAN GUINTO SOLEIL,BELLEZA LANZ JEREMY,1,5,-4,0,0.1
20252,pool2,ACERON SEBASTIEN ADAM,ESTRADA JOSE YNIGO,2,5,-3,0,0.2
20252,pool2,COCHING VITO MISAEL,BARROQUILLO FERDINAND,5,0,5,1,1
20252,pool2,MATRIANO BRENNAN,VILLANUEVA EUNICE DANIEL,0,5,-5,0,0
20252,pool2,SAN DIEGO MATTHEW,ACERON SEBASTIEN ADAM,0,5,-5,0,0
20252,pool2,BARROQUILLO FERDINAND,ESTRADA JOSE YNIGO,3,5,-2,0,0.3
20252,pool2,COCHING VITO MISAEL,MATRIANO BRENNAN,5,3,2,1,0.7
20252,pool2,VILLANUEVA EUNICE DANIEL,SAN DIEGO MATTHEW,5,0,5,1,1
20252,pool2,BARROQUILLO FERDINAND,ACERON SEBASTIEN ADAM,2,5,-3,0,0.2
20252,pool2,ESTRADA JOSE YNIGO,MATRIANO BRENNAN,5,2,3,1,0.8
20252,pool2,VILLANUEVA EUNICE DANIEL,COCHING VITO MISAEL,5,1,4,1,0.9
20252,pool2,BARROQUILLO FERDINAND,SAN DIEGO MATTHEW,3,5,-2,0,0.3
20252,pool2,MATRIANO BRENNAN,ACERON SEBASTIEN ADAM,1,5,-4,0,0.1
20252,pool2,ESTRADA JOSE YNIGO,VILLANUEVA EUNICE DANIEL,1,5,-4,0,0.1
20252,pool2,SAN DIEGO MATTHEW,COCHING VITO MISAEL,1,5,-4,0,0.1
20252,pool2,MATRIANO BRENNAN,BARROQUILLO FERDINAND,5,3,2,1,0.7
20252,pool2,ACERON SEBASTIEN ADAM,VILLANUEVA EUNICE DANIEL,0,5,-5,0,0
20252,pool2,COCHING VITO MISAEL,ESTRADA JOSE YNIGO,5,2,3,1,0.8
20252,pool2,SAN DIEGO MATTHEW,MATRIANO BRENNAN,5,2,3,1,0.8
20252,pool2,VILLANUEVA EUNICE DANIEL,BARROQUILLO FERDINAND,5,0,5,1,1
20252,pool2,ACERON SEBASTIEN ADAM,COCHING VITO MISAEL,2,5,-3,0,0.2
20252,pool2,ESTRADA JOSE YNIGO,SAN DIEGO MATTHEW,1,5,-4,0,0.1
20252,pool3,CABRERA THOMAS ROBERT,JIMENEZ II RAPHAEL MARTIN,5,1,4,1,0.9
20252,pool3,GALIAS KARL JOZEF,ENCISO GABRIEL JEREMY,5,3,2,1,0.7
20252,pool3,FELIPE KHIANE NASH,DUYAN TIMOTHY ALLAN,5,1,4,1,0.9
20252,pool3,FERNANDEZ LYON MARCUS,CABRERA THOMAS ROBERT,4,5,-1,0,0.4
20252,pool3,ENCISO GABRIEL JEREMY,JIMENEZ II RAPHAEL MARTIN,3,5,-2,0,0.3
20252,pool3,GALIAS KARL JOZEF,FELIPE KHIANE NASH,1,5,-4,0,0.1
20252,pool3,DUYAN TIMOTHY ALLAN,FERNANDEZ LYON MARCUS,5,2,3,1,0.8
20252,pool3,ENCISO GABRIEL JEREMY,CABRERA THOMAS ROBERT,1,5,-4,0,0.1
20252,pool3,JIMENEZ II RAPHAEL MARTIN,FELIPE KHIANE NASH,2,5,-3,0,0.2
20252,pool3,DUYAN TIMOTHY ALLAN,GALIAS KARL JOZEF,4,5,-1,0,0.4
20252,pool3,ENCISO GABRIEL JEREMY,FERNANDEZ LYON MARCUS,5,2,3,1,0.8
20252,pool3,FELIPE KHIANE NASH,CABRERA THOMAS ROBERT,5,3,2,1,0.7
20252,pool3,JIMENEZ II RAPHAEL MARTIN,DUYAN TIMOTHY ALLAN,5,1,4,1,0.9
20252,pool3,FERNANDEZ LYON MARCUS,GALIAS KARL JOZEF,5,1,4,1,0.9
20252,pool3,FELIPE KHIANE NASH,ENCISO GABRIEL JEREMY,5,3,2,1,0.7
20252,pool3,CABRERA THOMAS ROBERT,DUYAN TIMOTHY ALLAN,5,3,2,1,0.7
20252,pool3,GALIAS KARL JOZEF,JIMENEZ II RAPHAEL MARTIN,1,5,-4,0,0.1
20252,pool3,FERNANDEZ LYON MARCUS,FELIPE KHIANE NASH,1,5,-4,0,0.1
20252,pool3,DUYAN TIMOTHY ALLAN,ENCISO GABRIEL JEREMY,5,4,1,1,0.6
20252,pool3,CABRERA THOMAS ROBERT,GALIAS KARL JOZEF,5,0,5,1,1
20252,pool3,JIMENEZ II RAPHAEL MARTIN,FERNANDEZ LYON MARCUS,5,1,4,1,0.9
20252,pool4,RAMOS ANGELO,MOULIC MAIRON JEREMIAH,2,5,-3,0,0.2
20252,pool4,CO BIRKIN EMELIANEN,CONCEPCION CHRISTIAN ANTHONY,0,5,-5,0,0
20252,pool4,OLARTE EYCE WIN,ALARCON JACOB LUCAS,3,5,-2,0,0.3
20252,pool4,RAMOS ANGELO,LACAP GIAN LLOYD,5,4,1,1,0.6
20252,pool4,CONCEPCION CHRISTIAN ANTHONY,MOULIC MAIRON JEREMIAH,5,3,2,1,0.7
20252,pool4,CO BIRKIN EMELIANEN,OLARTE EYCE WIN,1,5,-4,0,0.1
20252,pool4,ALARCON JACOB LUCAS,LACAP GIAN LLOYD,3,5,-2,0,0.3
20252,pool4,CONCEPCION CHRISTIAN ANTHONY,RAMOS ANGELO,5,4,1,1,0.6
20252,pool4,MOULIC MAIRON JEREMIAH,OLARTE EYCE WIN,3,5,-2,0,0.3
20252,pool4,ALARCON JACOB LUCAS,CO BIRKIN EMELIANEN,5,3,2,1,0.7
20252,pool4,CONCEPCION CHRISTIAN ANTHONY,LACAP GIAN LLOYD,5,2,3,1,0.8
20252,pool4,OLARTE EYCE WIN,RAMOS ANGELO,4,5,-1,0,0.4
20252,pool4,MOULIC MAIRON JEREMIAH,ALARCON JACOB LUCAS,5,1,4,1,0.9
20252,pool4,CO BIRKIN EMELIANEN,LACAP GIAN LLOYD,5,3,2,1,0.7
20252,pool4,OLARTE EYCE WIN,CONCEPCION CHRISTIAN ANTHONY,5,3,2,1,0.7
20252,pool4,RAMOS ANGELO,ALARCON JACOB LUCAS,5,4,1,1,0.6
20252,pool4,CO BIRKIN EMELIANEN,MOULIC MAIRON JEREMIAH,0,5,-5,0,0
20252,pool4,OLARTE EYCE WIN,LACAP GIAN LLOYD,5,1,4,1,0.9
20252,pool4,ALARCON JACOB LUCAS,CONCEPCION CHRISTIAN ANTHONY,2,5,-3,0,0.2
20252,pool4,RAMOS ANGELO,CO BIRKIN EMELIANEN,3,5,-2,0,0.3
20252,pool4,MOULIC MAIRON JEREMIAH,LACAP GIAN LLOYD,5,0,5,1,1
20252,pool5,DIAZ MIGIE,GENERAL MATTHEW LUIS,2,5,-3,0,0.2
20252,pool5,REYES XAVIER MATTHEW,CORTEZ LARCO,1,5,-4,0,0.1
20252,pool5,MANTILLA ZIV MIGUEL,QUINDOZA DEXTER,4,5,-1,0,0.4
20252,pool5,DIAZ MIGIE,MARUQUEZ KURT ROZAT,0,5,-5,0,0
20252,pool5,REYES XAVIER MATTHEW,GENERAL MATTHEW LUIS,5,1,4,1,0.9
20252,pool5,MANTILLA ZIV MIGUEL,CORTEZ LARCO,2,5,-3,0,0.2
20252,pool5,QUINDOZA DEXTER,MARUQUEZ KURT ROZAT,2,5,-3,0,0.2
20252,pool5,REYES XAVIER MATTHEW,DIAZ MIGIE,5,3,2,1,0.7
20252,pool5,GENERAL MATTHEW LUIS,MANTILLA ZIV MIGUEL,5,3,2,1,0.7
20252,pool5,QUINDOZA DEXTER,CORTEZ LARCO,3,5,-2,0,0.3
20252,pool5,REYES XAVIER MATTHEW,MARUQUEZ KURT ROZAT,2,5,-3,0,0.2
20252,pool5,MANTILLA ZIV MIGUEL,DIAZ MIGIE,2,5,-3,0,0.2
20252,pool5,GENERAL MATTHEW LUIS,QUINDOZA DEXTER,5,4,1,1,0.6
20252,pool5,MARUQUEZ KURT ROZAT,CORTEZ LARCO,2,5,-3,0,0.2
20252,pool5,MANTILLA ZIV MIGUEL,REYES XAVIER MATTHEW,1,5,-4,0,0.1
20252,pool5,DIAZ MIGIE,QUINDOZA DEXTER,5,4,1,1,0.6
20252,pool5,GENERAL MATTHEW LUIS,CORTEZ LARCO,2,5,-3,0,0.2
20252,pool5,MANTILLA ZIV MIGUEL,MARUQUEZ KURT ROZAT,1,5,-4,0,0.1
20252,pool5,QUINDOZA DEXTER,REYES XAVIER MATTHEW,1,5,-4,0,0.1
20252,pool5,DIAZ MIGIE,CORTEZ LARCO,2,5,-3,0,0.2
20252,pool5,GENERAL MATTHEW LUIS,MARUQUEZ KURT ROZAT,2,5,-3,0,0.2
20252,pool6,RONSAYRO ENRICO JOAQUIN,MATEO NAZARENE JOSEPH REANE,5,2,3,1,0.8
20252,pool6,BUENAVENTURA CHRISTIAN ANTONIO,BABATIO CHARLES EDUARD,3,5,-2,0,0.3
20252,pool6,IBAY RAVI MICHAEL,BAYDID ANTONIO DOMINIC,5,3,2,1,0.7
20252,pool6,YOON TYCHO,RONSAYRO ENRICO JOAQUIN,3,5,-2,0,0.3
20252,pool6,BABATIO CHARLES EDUARD,MATEO NAZARENE JOSEPH REANE,5,0,5,1,1
20252,pool6,BUENAVENTURA CHRISTIAN ANTONIO,IBAY RAVI MICHAEL,3,5,-2,0,0.3
20252,pool6,BAYDID ANTONIO DOMINIC,YOON TYCHO,5,2,3,1,0.8
20252,pool6,BABATIO CHARLES EDUARD,RONSAYRO ENRICO JOAQUIN,5,0,5,1,1
20252,pool6,MATEO NAZARENE JOSEPH REANE,IBAY RAVI MICHAEL,4,5,-1,0,0.4
20252,pool6,BAYDID ANTONIO DOMINIC,BUENAVENTURA CHRISTIAN ANTONIO,4,5,-1,0,0.4
20252,pool6,BABATIO CHARLES EDUARD,YOON TYCHO,5,4,1,1,0.6
20252,pool6,IBAY RAVI MICHAEL,RONSAYRO ENRICO JOAQUIN,5,3,2,1,0.7
20252,pool6,MATEO NAZARENE JOSEPH REANE,BAYDID ANTONIO DOMINIC,2,5,-3,0,0.2
20252,pool6,YOON TYCHO,BUENAVENTURA CHRISTIAN ANTONIO,1,5,-4,0,0.1
20252,pool6,IBAY RAVI MICHAEL,BABATIO CHARLES EDUARD,1,5,-4,0,0.1
20252,pool6,RONSAYRO ENRICO JOAQUIN,BAYDID ANTONIO DOMINIC,3,5,-2,0,0.3
20252,pool6,BUENAVENTURA CHRISTIAN ANTONIO,MATEO NAZARENE JOSEPH REANE,5,0,5,1,1
20252,pool6,YOON TYCHO,IBAY RAVI MICHAEL,5,3,2,1,0.7
20252,pool6,BAYDID ANTONIO DOMINIC,BABATIO CHARLES EDUARD,1,5,-4,0,0.1
20252,pool6,RONSAYRO ENRICO JOAQUIN,BUENAVENTURA CHRISTIAN ANTONIO,2,5,-3,0,0.2
20252,pool6,MATEO NAZARENE JOSEPH REANE,YOON TYCHO,3,5,-2,0,0.3
20252,pool7,AGATEP ANDRE DOMINIC,ROSAROS JULIAN GUILE,5,2,3,1,0.8
20252,pool7,SIEMBRA JOHN BRYAN,DAYRO JULIAN,0,5,-5,0,0
20252,pool7,DIZON ARYX NIKO,PALMADO MARCO ZESTER,2,5,-3,0,0.2
20252,pool7,DAYRO JULIAN,AGATEP ANDRE DOMINIC,5,2,3,1,0.8
20252,pool7,ROSAROS JULIAN GUILE,DIZON ARYX NIKO,5,2,3,1,0.8
20252,pool7,PALMADO MARCO ZESTER,SIEMBRA JOHN BRYAN,5,4,1,1,0.6
20252,pool7,AGATEP ANDRE DOMINIC,DIZON ARYX NIKO,5,0,5,1,1
20252,pool7,DAYRO JULIAN,PALMADO MARCO ZESTER,5,4,1,1,0.6
20252,pool7,SIEMBRA JOHN BRYAN,ROSAROS JULIAN GUILE,2,5,-3,0,0.2
20252,pool7,PALMADO MARCO ZESTER,AGATEP ANDRE DOMINIC,1,5,-4,0,0.1
20252,pool7,DIZON ARYX NIKO,SIEMBRA JOHN BRYAN,2,5,-3,0,0.2
20252,pool7,ROSAROS JULIAN GUILE,DAYRO JULIAN,5,2,3,1,0.8
20252,pool7,AGATEP ANDRE DOMINIC,SIEMBRA JOHN BRYAN,5,1,4,1,0.9
20252,pool7,PALMADO MARCO ZESTER,ROSAROS JULIAN GUILE,2,5,-3,0,0.2
20252,pool7,DAYRO JULIAN,DIZON ARYX NIKO,5,3,2,1,0.7
20253,pool1,MAGNO LUCAS PHILIPPE,ROSAROS JULIAN GUILE,1,5,-4,0,0.1
20253,pool1,DAYRO JULIAN,CO BIRKIN EMELIANEN,5,2,3,1,0.8
20253,pool1,CONCEPCION CHRISTIAN JHESTER,CHUNG DRAKE ANTHONY,5,3,2,1,0.7
20253,pool1,MATRIANO BRENNAN,MAGNO LUCAS PHILIPPE,4,5,-1,0,0.4
20253,pool1,CO BIRKIN EMELIANEN,ROSAROS JULIAN GUILE,4,5,-1,0,0.4
20253,pool1,DAYRO JULIAN,CONCEPCION CHRISTIAN JHESTER,2,5,-3,0,0.2
20253,pool1,MATRIANO BRENNAN,CHUNG DRAKE ANTHONY,5,2,3,1,0.8
20253,pool1,CO BIRKIN EMELIANEN,MAGNO LUCAS PHILIPPE,5,4,1,1,0.6
20253,pool1,ROSAROS JULIAN GUILE,CONCEPCION CHRISTIAN JHESTER,4,5,-1,0,0.4
20253,pool1,DAYRO JULIAN,CHUNG DRAKE ANTHONY,5,1,4,1,0.9
20253,pool1,CO BIRKIN EMELIANEN,MATRIANO BRENNAN,5,1,4,1,0.9
20253,pool1,CONCEPCION CHRISTIAN JHESTER,MAGNO LUCAS PHILIPPE,5,2,3,1,0.8
20253,pool1,ROSAROS JULIAN GUILE,CHUNG DRAKE ANTHONY,5,1,4,1,0.9
20253,pool1,MATRIANO BRENNAN,DAYRO JULIAN,0,5,-5,0,0
20253,pool1,CONCEPCION CHRISTIAN JHESTER,CO BIRKIN EMELIANEN,5,0,5,1,1
20253,pool1,MAGNO LUCAS PHILIPPE,CHUNG DRAKE ANTHONY,5,0,5,1,1
20253,pool1,DAYRO JULIAN,ROSAROS JULIAN GUILE,1,5,-4,0,0.1
20253,pool1,MATRIANO BRENNAN,CONCEPCION CHRISTIAN JHESTER,0,5,-5,0,0
20253,pool1,CO BIRKIN EMELIANEN,CHUNG DRAKE ANTHONY,5,4,1,1,0.6
20253,pool1,MAGNO LUCAS PHILIPPE,DAYRO JULIAN,0,5,-5,0,0
20253,pool1,ROSAROS JULIAN GUILE,MATRIANO BRENNAN,5,0,5,1,1
20253,pool2,REYES XAVIER MATTHEW,BUENAVENTURA JHONEL,5,2,3,1,0.8
20253,pool2,OLARTE EYCE WIN,DIAZ MIGIE,5,2,3,1,0.8
20253,pool2,CABREDO INIGO JOAQUIN,SIEMBRA JOHN BRYAN,4,5,-1,0,0.4
20253,pool2,VILLANUEVA EUNICE DANIEL,REYES XAVIER MATTHEW,5,0,5,1,1
20253,pool2,DIAZ MIGIE,BUENAVENTURA JHONEL,4,5,-1,0,0.4
20253,pool2,OLARTE EYCE WIN,CABREDO INIGO JOAQUIN,2,5,-3,0,0.2
20253,pool2,SIEMBRA JOHN BRYAN,VILLANUEVA EUNICE DANIEL,0,5,-5,0,0
20253,pool2,DIAZ MIGIE,REYES XAVIER MATTHEW,0,5,-5,0,0
20253,pool2,BUENAVENTURA JHONEL,CABREDO INIGO JOAQUIN,3,5,-2,0,0.3
20253,pool2,SIEMBRA JOHN BRYAN,OLARTE EYCE WIN,3,5,-2,0,0.3
20253,pool2,DIAZ MIGIE,VILLANUEVA EUNICE DANIEL,0,5,-5,0,0
20253,pool2,CABREDO INIGO JOAQUIN,REYES XAVIER MATTHEW,1,5,-4,0,0.1
20253,pool2,BUENAVENTURA JHONEL,SIEMBRA JOHN BRYAN,1,5,-4,0,0.1
20253,pool2,VILLANUEVA EUNICE DANIEL,OLARTE EYCE WIN,5,2,3,1,0.8
20253,pool2,CABREDO INIGO JOAQUIN,DIAZ MIGIE,5,4,1,1,0.6
20253,pool2,REYES XAVIER MATTHEW,SIEMBRA JOHN BRYAN,5,2,3,1,0.8
20253,pool2,OLARTE EYCE WIN,BUENAVENTURA JHONEL,5,2,3,1,0.8
20253,pool2,VILLANUEVA EUNICE DANIEL,CABREDO INIGO JOAQUIN,5,2,3,1,0.8
20253,pool2,SIEMBRA JOHN BRYAN,DIAZ MIGIE,5,0,5,1,1
20253,pool2,REYES XAVIER MATTHEW,OLARTE EYCE WIN,5,1,4,1,0.9
20253,pool2,BUENAVENTURA JHONEL,VILLANUEVA EUNICE DANIEL,0,5,-5,0,0
20253,pool4,ACERON SEBASTIEN ADAM,AGATEP ANDRE DOMINIC,2,5,-3,0,0.2
20253,pool4,YOON TYCHO,SANTOS ETHAN ERICSON JABEZ,4,5,-1,0,0.4
20253,pool4,JACINTOS BONIFACIO JR,MANTILLA ZIV MIGUEL,5,1,4,1,0.9
20253,pool4,CONCEPCION CHRISTIAN ANTHONY,ACERON SEBASTIEN ADAM,5,3,2,1,0.7
20253,pool4,SANTOS ETHAN ERICSON JABEZ,AGATEP ANDRE DOMINIC,0,5,-5,0,0
20253,pool4,YOON TYCHO,JACINTOS BONIFACIO JR,1,5,-4,0,0.1
20253,pool4,MANTILLA ZIV MIGUEL,CONCEPCION CHRISTIAN ANTHONY,1,5,-4,0,0.1
20253,pool4,SANTOS ETHAN ERICSON JABEZ,ACERON SEBASTIEN ADAM,0,5,-5,0,0
20253,pool4,AGATEP ANDRE DOMINIC,JACINTOS BONIFACIO JR,5,2,3,1,0.8
20253,pool4,MANTILLA ZIV MIGUEL,YOON TYCHO,3,5,-2,0,0.3
20253,pool4,SANTOS ETHAN ERICSON JABEZ,CONCEPCION CHRISTIAN ANTHONY,0,5,-5,0,0
20253,pool4,JACINTOS BONIFACIO JR,ACERON SEBASTIEN ADAM,2,5,-3,0,0.2
20253,pool4,AGATEP ANDRE DOMINIC,MANTILLA ZIV MIGUEL,5,2,3,1,0.8
20253,pool4,CONCEPCION CHRISTIAN ANTHONY,YOON TYCHO,5,0,5,1,1
20253,pool4,JACINTOS BONIFACIO JR,SANTOS ETHAN ERICSON JABEZ,5,0,5,1,1
20253,pool4,ACERON SEBASTIEN ADAM,MANTILLA ZIV MIGUEL,5,1,4,1,0.9
20253,pool4,YOON TYCHO,AGATEP ANDRE DOMINIC,2,5,-3,0,0.2
20253,pool4,CONCEPCION CHRISTIAN ANTHONY,JACINTOS BONIFACIO JR,5,3,2,1,0.7
20253,pool4,MANTILLA ZIV MIGUEL,SANTOS ETHAN ERICSON JABEZ,5,3,2,1,0.7
20253,pool4,ACERON SEBASTIEN ADAM,YOON TYCHO,5,3,2,1,0.7
20253,pool4,AGATEP ANDRE DOMINIC,CONCEPCION CHRISTIAN ANTHONY,4,5,-1,0,0.4
20253,pool5,ESTRADA JOSE YNIGO,MATEO NAZARENE JOSEPH REANE,5,4,1,1,0.6
20253,pool5,CUENCA RALPH XENEN,COCHING VITO MISAEL,2,5,-3,0,0.2
20253,pool5,BELLEZA LANZ JEREMY,BABATIO CHARLES EDUARD,2,5,-3,0,0.2
20253,pool5,COCHING VITO MISAEL,ESTRADA JOSE YNIGO,5,1,4,1,0.9
20253,pool5,MATEO NAZARENE JOSEPH REANE,BELLEZA LANZ JEREMY,1,5,-4,0,0.1
20253,pool5,BABATIO CHARLES EDUARD,CUENCA RALPH XENEN,5,0,5,1,1
20253,pool5,ESTRADA JOSE YNIGO,BELLEZA LANZ JEREMY,1,5,-4,0,0.1
20253,pool5,COCHING VITO MISAEL,BABATIO CHARLES EDUARD,2,5,-3,0,0.2
20253,pool5,CUENCA RALPH XENEN,MATEO NAZARENE JOSEPH REANE,5,1,4,1,0.9
20253,pool5,BABATIO CHARLES EDUARD,ESTRADA JOSE YNIGO,5,2,3,1,0.8
20253,pool5,BELLEZA LANZ JEREMY,CUENCA RALPH XENEN,3,5,-2,0,0.3
20253,pool5,MATEO NAZARENE JOSEPH REANE,COCHING VITO MISAEL,3,5,-2,0,0.3
20253,pool5,ESTRADA JOSE YNIGO,CUENCA RALPH XENEN,4,5,-1,0,0.4
20253,pool5,BABATIO CHARLES EDUARD,MATEO NAZARENE JOSEPH REANE,5,0,5,1,1
20253,pool5,COCHING VITO MISAEL,BELLEZA LANZ JEREMY,5,2,3,1,0.8
20253,pool6,GENERAL MATTHEW LUIS,IGNACIO JEAN MATTHEW,3,5,-2,0,0.3
20253,pool6,SO PETER,MARUQUEZ KURT ROZAT,1,5,-4,0,0.1
20253,pool6,PALMADO MARCO ZESTER,BARROQUILLO FERDINAND,5,2,3,1,0.8
20253,pool6,SO PETER,GENERAL MATTHEW LUIS,5,4,1,1,0.6
20253,pool6,IGNACIO JEAN MATTHEW,PALMADO MARCO ZESTER,5,1,4,1,0.9
20253,pool6,BARROQUILLO FERDINAND,MARUQUEZ KURT ROZAT,0,5,-5,0,0
20253,pool6,GENERAL MATTHEW LUIS,PALMADO MARCO ZESTER,5,2,3,1,0.8
20253,pool6,SO PETER,BARROQUILLO FERDINAND,5,3,2,1,0.7
20253,pool6,IGNACIO JEAN MATTHEW,MARUQUEZ KURT ROZAT,0,5,-5,0,0
20253,pool6,BARROQUILLO FERDINAND,GENERAL MATTHEW LUIS,1,5,-4,0,0.1
20253,pool6,PALMADO MARCO ZESTER,MARUQUEZ KURT ROZAT,1,5,-4,0,0.1
20253,pool6,IGNACIO JEAN MATTHEW,SO PETER,5,1,4,1,0.9
20253,pool6,GENERAL MATTHEW LUIS,MARUQUEZ KURT ROZAT,4,5,-1,0,0.4
20253,pool6,BARROQUILLO FERDINAND,IGNACIO JEAN MATTHEW,1,5,-4,0,0.1
20253,pool6,SO PETER,PALMADO MARCO ZESTER,2,5,-3,0,0.2
20254,pool1,EVANGELISTA ETHAN,JACINTOS BONIFACIO JR,4,5,-1,0,0.4
20254,pool1,CONCEPCION CHRISTIAN JHESTER,ACERON SEBASTIEN ADAM,5,1,4,1,0.9
20254,pool1,MATRIANO BRENNAN,SANTOS ETHAN ERICSON JABEZ,2,5,-3,0,0.2
20254,pool1,ACERON SEBASTIEN ADAM,EVANGELISTA ETHAN,5,3,2,1,0.7
20254,pool1,JACINTOS BONIFACIO JR,MATRIANO BRENNAN,5,1,4,1,0.9
20254,pool1,SANTOS ETHAN ERICSON JABEZ,CONCEPCION CHRISTIAN JHESTER,0,5,-5,0,0
20254,pool1,EVANGELISTA ETHAN,MATRIANO BRENNAN,5,1,4,1,0.9
20254,pool1,ACERON SEBASTIEN ADAM,SANTOS ETHAN ERICSON JABEZ,5,1,4,1,0.9
20254,pool1,CONCEPCION CHRISTIAN JHESTER,JACINTOS BONIFACIO JR,5,3,2,1,0.7
20254,pool1,SANTOS ETHAN ERICSON JABEZ,EVANGELISTA ETHAN,5,3,2,1,0.7
20254,pool1,MATRIANO BRENNAN,CONCEPCION CHRISTIAN JHESTER,0,5,-5,0,0
20254,pool1,JACINTOS BONIFACIO JR,ACERON SEBASTIEN ADAM,5,2,3,1,0.8
20254,pool1,EVANGELISTA ETHAN,CONCEPCION CHRISTIAN JHESTER,3,5,-2,0,0.3
20254,pool1,SANTOS ETHAN ERICSON JABEZ,JACINTOS BONIFACIO JR,0,5,-5,0,0
20254,pool1,ACERON SEBASTIEN ADAM,MATRIANO BRENNAN,5,1,4,1,0.9
20254,pool2,IGNACIO JEAN MATTHEW,VILLANUEVA EUNICE DANIEL,0,5,-5,0,0
20254,pool2,CABRERA THOMAS ROBERT,CHUNG DRAKE ANTHONY,5,1,4,1,0.9
20254,pool2,YOON TYCHO,SIEMBRA JOHN BRYAN,4,5,-1,0,0.4
20254,pool2,CABRERA THOMAS ROBERT,IGNACIO JEAN MATTHEW,4,5,-1,0,0.4
20254,pool2,VILLANUEVA EUNICE DANIEL,YOON TYCHO,5,0,5,1,1
20254,pool2,SIEMBRA JOHN BRYAN,CHUNG DRAKE ANTHONY,5,2,3,1,0.8
20254,pool2,IGNACIO JEAN MATTHEW,YOON TYCHO,5,0,5,1,1
20254,pool2,CABRERA THOMAS ROBERT,SIEMBRA JOHN BRYAN,5,2,3,1,0.8
20254,pool2,VILLANUEVA EUNICE DANIEL,CHUNG DRAKE ANTHONY,5,0,5,1,1
20254,pool2,SIEMBRA JOHN BRYAN,IGNACIO JEAN MATTHEW,0,5,-5,0,0
20254,pool2,YOON TYCHO,CHUNG DRAKE ANTHONY,5,2,3,1,0.8
20254,pool2,VILLANUEVA EUNICE DANIEL,CABRERA THOMAS ROBERT,5,1,4,1,0.9
20254,pool2,IGNACIO JEAN MATTHEW,CHUNG DRAKE ANTHONY,5,2,3,1,0.8
20254,pool2,SIEMBRA JOHN BRYAN,VILLANUEVA EUNICE DANIEL,0,5,-5,0,0
20254,pool2,CABRERA THOMAS ROBERT,YOON TYCHO,5,4,1,1,0.6
20254,pool3,DIAZ MIGIE,RONSAYRO ENRICO JOAQUIN,5,4,1,1,0.6
20254,pool3,CABREDO INIGO JOAQUIN,FELIPE KHIANE NASH,0,5,-5,0,0
20254,pool3,ALARCON JACOB LUCAS,COCHING VITO MISAEL,4,5,-1,0,0.4
20254,pool3,FELIPE KHIANE NASH,DIAZ MIGIE,5,0,5,1,1
20254,pool3,RONSAYRO ENRICO JOAQUIN,ALARCON JACOB LUCAS,2,5,-3,0,0.2
20254,pool3,COCHING VITO MISAEL,CABREDO INIGO JOAQUIN,5,2,3,1,0.8
20254,pool3,DIAZ MIGIE,ALARCON JACOB LUCAS,5,3,2,1,0.7
20254,pool3,FELIPE KHIANE NASH,COCHING VITO MISAEL,5,2,3,1,0.8
20254,pool3,CABREDO INIGO JOAQUIN,RONSAYRO ENRICO JOAQUIN,5,4,1,1,0.6
20254,pool3,COCHING VITO MISAEL,DIAZ MIGIE,5,1,4,1,0.9
20254,pool3,ALARCON JACOB LUCAS,CABREDO INIGO JOAQUIN,2,5,-3,0,0.2
20254,pool3,RONSAYRO ENRICO JOAQUIN,FELIPE KHIANE NASH,2,5,-3,0,0.2
20254,pool3,DIAZ MIGIE,CABREDO INIGO JOAQUIN,3,5,-2,0,0.3
20254,pool3,COCHING VITO MISAEL,RONSAYRO ENRICO JOAQUIN,5,0,5,1,1
20254,pool3,FELIPE KHIANE NASH,ALARCON JACOB LUCAS,5,1,4,1,0.9
20254,pool4,ESTRADA JOSE YNIGO,ROSAROS JULIAN GUILE,3,5,-2,0,0.3
20254,pool4,OLARTE EYCE WIN,CONCEPCION CHRISTIAN ANTHONY,2,5,-3,0,0.2
20254,pool4,GALLEGOS AVIAN GUINTO SOLEIL,ESTRADA JOSE YNIGO,1,5,-4,0,0.1
20254,pool4,ROSAROS JULIAN GUILE,OLARTE EYCE WIN,5,3,2,1,0.7
20254,pool4,GALLEGOS AVIAN GUINTO SOLEIL,CONCEPCION CHRISTIAN ANTHONY,1,5,-4,0,0.1
20254,pool4,ESTRADA JOSE YNIGO,OLARTE EYCE WIN,4,5,-1,0,0.4
20254,pool4,ROSAROS JULIAN GUILE,GALLEGOS AVIAN GUINTO SOLEIL,5,3,2,1,0.7
20254,pool4,CONCEPCION CHRISTIAN ANTHONY,ESTRADA JOSE YNIGO,5,0,5,1,1
20254,pool4,OLARTE EYCE WIN,GALLEGOS AVIAN GUINTO SOLEIL,5,1,4,1,0.9
20254,pool4,CONCEPCION CHRISTIAN ANTHONY,ROSAROS JULIAN GUILE,5,0,5,1,1
20254,pool5,BUENAVENTURA CHRISTIAN ANTONIO,CO BIRKIN EMELIANEN,5,0,5,1,1
20254,pool5,SO PETER,ROXAS LUIS JAVIER,4,5,-1,0,0.4
20254,pool5,AGATEP ANDRE DOMINIC,BUENAVENTURA CHRISTIAN ANTONIO,1,5,-4,0,0.1
20254,pool5,CO BIRKIN EMELIANEN,SO PETER,5,1,4,1,0.9
20254,pool5,AGATEP ANDRE DOMINIC,ROXAS LUIS JAVIER,5,1,4,1,0.9
20254,pool5,BUENAVENTURA CHRISTIAN ANTONIO,SO PETER,5,1,4,1,0.9
20254,pool5,CO BIRKIN EMELIANEN,AGATEP ANDRE DOMINIC,1,5,-4,0,0.1
20254,pool5,ROXAS LUIS JAVIER,BUENAVENTURA CHRISTIAN ANTONIO,1,5,-4,0,0.1
20254,pool5,SO PETER,AGATEP ANDRE DOMINIC,1,5,-4,0,0.1
20254,pool5,ROXAS LUIS JAVIER,CO BIRKIN EMELIANEN,0,5,-5,0,0
20254,pool6,PALMADO MARCO ZESTER,GENERAL MATTHEW LUIS,1,5,-4,0,0.1
20254,pool6,DUYAN TIMOTHY ALLAN,BABATIO CHARLES EDUARD,2,5,-3,0,0.2
20254,pool6,PALMADO MARCO ZESTER,MARUQUEZ KURT ROZAT,2,5,-3,0,0.2
20254,pool6,GENERAL MATTHEW LUIS,DUYAN TIMOTHY ALLAN,5,3,2,1,0.7
20254,pool6,BABATIO CHARLES EDUARD,MARUQUEZ KURT ROZAT,5,4,1,1,0.6
20254,pool6,PALMADO MARCO ZESTER,DUYAN TIMOTHY ALLAN,5,2,3,1,0.8
20254,pool6,GENERAL MATTHEW LUIS,MARUQUEZ KURT ROZAT,3,5,-2,0,0.3
20254,pool6,BABATIO CHARLES EDUARD,PALMADO MARCO ZESTER,5,1,4,1,0.9
20254,pool6,DUYAN TIMOTHY ALLAN,MARUQUEZ KURT ROZAT,2,5,-3,0,0.2
20254,pool6,BABATIO CHARLES EDUARD,GENERAL MATTHEW LUIS,4,5,-1,0,0.4
20255,pool1,MOULIC MAIRON JEREMIAH,ROSAROS JULIAN GUILE,5,3,2,1,0.7
20255,pool1,DAYRO JULIAN,SO PETER,3,5,-2,0,0.3
20255,pool1,PALMADO MARCO ZESTER,CONCEPCION CHRISTIAN JHESTER,1,5,-4,0,0.1
20255,pool1,GALIAS KARL JOZEF,MOULIC MAIRON JEREMIAH,2,5,-3,0,0.2
20255,pool1,SO PETER,ROSAROS JULIAN GUILE,1,5,-4,0,0.1
20255,pool1,DAYRO JULIAN,PALMADO MARCO ZESTER,5,2,3,1,0.8
20255,pool1,CONCEPCION CHRISTIAN JHESTER,GALIAS KARL JOZEF,5,0,5,1,1
20255,pool1,SO PETER,MOULIC MAIRON JEREMIAH,4,5,-1,0,0.4
20255,pool1,ROSAROS JULIAN GUILE,PALMADO MARCO ZESTER,2,5,-3,0,0.2
20255,pool1,CONCEPCION CHRISTIAN JHESTER,DAYRO JULIAN,5,0,5,1,1
20255,pool1,SO PETER,GALIAS KARL JOZEF,3,5,-2,0,0.3
20255,pool1,PALMADO MARCO ZESTER,MOULIC MAIRON JEREMIAH,1,5,-4,0,0.1
20255,pool1,ROSAROS JULIAN GUILE,CONCEPCION CHRISTIAN JHESTER,0,5,-5,0,0
20255,pool1,GALIAS KARL JOZEF,DAYRO JULIAN,5,4,1,1,0.6
20255,pool1,PALMADO MARCO ZESTER,SO PETER,3,5,-2,0,0.3
20255,pool1,MOULIC MAIRON JEREMIAH,CONCEPCION CHRISTIAN JHESTER,0,5,-5,0,0
20255,pool1,DAYRO JULIAN,ROSAROS JULIAN GUILE,4,5,-1,0,0.4
20255,pool1,GALIAS KARL JOZEF,PALMADO MARCO ZESTER,5,4,1,1,0.6
20255,pool1,CONCEPCION CHRISTIAN JHESTER,SO PETER,5,2,3,1,0.8
20255,pool1,MOULIC MAIRON JEREMIAH,DAYRO JULIAN,5,3,2,1,0.7
20255,pool1,ROSAROS JULIAN GUILE,GALIAS KARL JOZEF,4,5,-1,0,0.4
20255,pool2,RONSAYRO ENRICO JOAQUIN,MOJICA ERGENE ELIAM,3,5,-2,0,0.3
20255,pool2,SANTOS ETHAN ERICSON JABEZ,BABATIO CHARLES EDUARD,1,5,-4,0,0.1
20255,pool2,VILLANUEVA EUNICE DANIEL,CHUNG DRAKE ANTHONY,5,0,5,1,1
20255,pool2,GALLEGOS AVIAN GUINTO SOLEIL,RONSAYRO ENRICO JOAQUIN,5,0,5,1,1
20255,pool2,BABATIO CHARLES EDUARD,MOJICA ERGENE ELIAM,5,1,4,1,0.9
20255,pool2,SANTOS ETHAN ERICSON JABEZ,CHUNG DRAKE ANTHONY,3,5,-2,0,0.3
20255,pool2,VILLANUEVA EUNICE DANIEL,GALLEGOS AVIAN GUINTO SOLEIL,5,0,5,1,1
20255,pool2,BABATIO CHARLES EDUARD,RONSAYRO ENRICO JOAQUIN,5,0,5,1,1
20255,pool2,MOJICA ERGENE ELIAM,CHUNG DRAKE ANTHONY,1,5,-4,0,0.1
20255,pool2,VILLANUEVA EUNICE DANIEL,SANTOS ETHAN ERICSON JABEZ,5,0,5,1,1
20255,pool2,BABATIO CHARLES EDUARD,GALLEGOS AVIAN GUINTO SOLEIL,5,4,1,1,0.6
20255,pool2,RONSAYRO ENRICO JOAQUIN,CHUNG DRAKE ANTHONY,3,5,-2,0,0.3
20255,pool2,MOJICA ERGENE ELIAM,VILLANUEVA EUNICE DANIEL,1,5,-4,0,0.1
20255,pool2,GALLEGOS AVIAN GUINTO SOLEIL,SANTOS ETHAN ERICSON JABEZ,5,4,1,1,0.6
20255,pool2,BABATIO CHARLES EDUARD,CHUNG DRAKE ANTHONY,5,0,5,1,1
20255,pool2,RONSAYRO ENRICO JOAQUIN,VILLANUEVA EUNICE DANIEL,0,5,-5,0,0
20255,pool2,SANTOS ETHAN ERICSON JABEZ,MOJICA ERGENE ELIAM,5,4,1,1,0.6
20255,pool2,GALLEGOS AVIAN GUINTO SOLEIL,CHUNG DRAKE ANTHONY,3,5,-2,0,0.3
20255,pool2,VILLANUEVA EUNICE DANIEL,BABATIO CHARLES EDUARD,5,3,2,1,0.7
20255,pool2,RONSAYRO ENRICO JOAQUIN,SANTOS ETHAN ERICSON JABEZ,4,5,-1,0,0.4
20255,pool2,MOJICA ERGENE ELIAM,GALLEGOS AVIAN GUINTO SOLEIL,1,5,-4,0,0.1
20255,pool3,ACERON SEBASTIEN ADAM,GENERAL MATTHEW LUIS,5,1,4,1,0.9
20255,pool3,IGNACIO JEAN MATTHEW,REYES XAVIER MATTHEW,0,5,-5,0,0
20255,pool3,FELIPE KHIANE NASH,PRECIA JOHN BRIX MIGUEL,5,0,5,1,1
20255,pool3,REYES XAVIER MATTHEW,ACERON SEBASTIEN ADAM,5,3,2,1,0.7
20255,pool3,GENERAL MATTHEW LUIS,FELIPE KHIANE NASH,2,5,-3,0,0.2
20255,pool3,PRECIA JOHN BRIX MIGUEL,IGNACIO JEAN MATTHEW,0,5,-5,0,0
20255,pool3,ACERON SEBASTIEN ADAM,FELIPE KHIANE NASH,2,5,-3,0,0.2
20255,pool3,REYES XAVIER MATTHEW,PRECIA JOHN BRIX MIGUEL,5,2,3,1,0.8
20255,pool3,IGNACIO JEAN MATTHEW,GENERAL MATTHEW LUIS,5,2,3,1,0.8
20255,pool3,PRECIA JOHN BRIX MIGUEL,ACERON SEBASTIEN ADAM,1,5,-4,0,0.1
20255,pool3,FELIPE KHIANE NASH,IGNACIO JEAN MATTHEW,5,0,5,1,1
20255,pool3,GENERAL MATTHEW LUIS,REYES XAVIER MATTHEW,1,5,-4,0,0.1
20255,pool3,ACERON SEBASTIEN ADAM,IGNACIO JEAN MATTHEW,1,5,-4,0,0.1
20255,pool3,PRECIA JOHN BRIX MIGUEL,GENERAL MATTHEW LUIS,2,5,-3,0,0.2
20255,pool3,REYES XAVIER MATTHEW,FELIPE KHIANE NASH,1,5,-4,0,0.1
20255,pool4,ESTRADA JOSE YNIGO,GENEROSO ZHUDE MARTE,5,2,3,1,0.8
20255,pool4,CONCEPCION CHRISTIAN ANTHONY,BARROQUILLO FERDINAND,5,0,5,1,1
20255,pool4,COCHING VITO MISAEL,DUYAN TIMOTHY ALLAN,5,4,1,1,0.6
20255,pool4,BARROQUILLO FERDINAND,ESTRADA JOSE YNIGO,0,5,-5,0,0
20255,pool4,GENEROSO ZHUDE MARTE,COCHING VITO MISAEL,0,5,-5,0,0
20255,pool4,DUYAN TIMOTHY ALLAN,CONCEPCION CHRISTIAN ANTHONY,0,5,-5,0,0
20255,pool4,ESTRADA JOSE YNIGO,COCHING VITO MISAEL,1,5,-4,0,0.1
20255,pool4,BARROQUILLO FERDINAND,DUYAN TIMOTHY ALLAN,0,5,-5,0,0
20255,pool4,CONCEPCION CHRISTIAN ANTHONY,GENEROSO ZHUDE MARTE,5,0,5,1,1
20255,pool4,DUYAN TIMOTHY ALLAN,ESTRADA JOSE YNIGO,4,5,-1,0,0.4
20255,pool4,COCHING VITO MISAEL,CONCEPCION CHRISTIAN ANTHONY,0,5,-5,0,0
20255,pool4,GENEROSO ZHUDE MARTE,BARROQUILLO FERDINAND,5,4,1,1,0.6
20255,pool4,ESTRADA JOSE YNIGO,CONCEPCION CHRISTIAN ANTHONY,1,5,-4,0,0.1
20255,pool4,DUYAN TIMOTHY ALLAN,GENEROSO ZHUDE MARTE,5,2,3,1,0.8
20255,pool4,BARROQUILLO FERDINAND,COCHING VITO MISAEL,0,5,-5,0,0
20255,pool6,MAGNO LUCAS PHILIPPE,AGATEP ANDRE DOMINIC,1,5,-4,0,0.1
20255,pool6,CAPRICHO HANS DARREN,CUENCA RALPH XENEN,1,5,-4,0,0.1
20255,pool6,YU PING KUN TRISTAN,MARUQUEZ KURT ROZAT,0,5,-5,0,0
20255,pool6,CUENCA RALPH XENEN,MAGNO LUCAS PHILIPPE,5,2,3,1,0.8
20255,pool6,AGATEP ANDRE DOMINIC,MARUQUEZ KURT ROZAT,0,5,-5,0,0
20255,pool6,YU PING KUN TRISTAN,CAPRICHO HANS DARREN,5,2,3,1,0.8
20255,pool6,MAGNO LUCAS PHILIPPE,MARUQUEZ KURT ROZAT,2,5,-3,0,0.2
20255,pool6,CUENCA RALPH XENEN,YU PING KUN TRISTAN,4,5,-1,0,0.4
20255,pool6,CAPRICHO HANS DARREN,AGATEP ANDRE DOMINIC,2,5,-3,0,0.2
20255,pool6,YU PING KUN TRISTAN,MAGNO LUCAS PHILIPPE,5,0,5,1,1
20255,pool6,CAPRICHO HANS DARREN,MARUQUEZ KURT ROZAT,1,5,-4,0,0.1
20255,pool6,AGATEP ANDRE DOMINIC,CUENCA RALPH XENEN,5,3,2,1,0.7
20255,pool6,MAGNO LUCAS PHILIPPE,CAPRICHO HANS DARREN,5,3,2,1,0.7
20255,pool6,YU PING KUN TRISTAN,AGATEP ANDRE DOMINIC,2,5,-3,0,0.2
20255,pool6,CUENCA RALPH XENEN,MARUQUEZ KURT ROZAT,2,5,-3,0,0.2
20251,Table of 64,ENCISO GABRIEL JEREMY,PALMADO MARCO ZESTER,11,15,-4,0,0.3666666666666667
20251,Table of 64,VILLADOLID JORGE FRANCISCO,SO PETER,12,15,-3,0,0.4
20251,Table of 64,CABREDO INIGO JOAQUIN,GENERAL MATTHEW LUIS,10,15,-5,0,0.33333333333333337
20251,Table of 64,BELLEZA LANZ JEREMY,FERNANDEZ LYON MARCUS,12,15,-3,0,0.4
20251,Table of 64,DIAZ MIGIE,ESTRADA JOSE YNIGO,12,15,-3,0,0.4
20251,Table of 64,ARCE ALBERTO GREGORIO II,ALARCON JACOB LUCAS,15,8,7,1,0.7333333333333334
20251,Table of 64,SIEMBRA JOHN BRYAN,ROSAROS JULIAN GUILE,10,15,-5,0,0.33333333333333337
20251,Table of 64,SAN DIEGO MATTHEW,CO BIRKIN EMELIANEN,12,15,-3,0,0.4
20251,Table of 32,VILLANUEVA EUNICE DANIEL,PALMADO MARCO ZESTER,15,2,13,1,0.9333333333333333
20251,Table of 32,AGATEP ANDRE DOMINIC,BUENAVENTURA JHONEL,15,7,8,1,0.7666666666666666
20251,Table of 32,SO PETER,REYES XAVIER MATTHEW,3,15,-12,0,0.1
20251,Table of 32,MARUQUEZ KURT ROZAT,GENERAL MATTHEW LUIS,15,9,6,1,0.7
20251,Table of 32,SENDICO EILRAHC,COCHING VITO MISAEL,15,10,5,1,0.6666666666666666
20251,Table of 32,CABRERA THOMAS ROBERT,CORTEZ LARCO,15,11,4,1,0.6333333333333333
20251,Table of 32,FERNANDEZ LYON MARCUS,BABATIO CHARLES EDUARD,8,15,-7,0,0.26666666666666666
20251,Table of 32,FELIPE KHIANE NASH,ESTRADA JOSE YNIGO,15,1,14,1,0.9666666666666667
20251,Table of 32,IBAY RAVI MICHAEL,DAYRO JOHN PAUL,10,15,-5,0,0.33333333333333337
20251,Table of 32,IGNACIO JEAN MATTHEW,DAYRO JULIAN,12,15,-3,0,0.4
20251,Table of 32,ARCE ALBERTO GREGORIO II,BUENAVENTURA CHRISTIAN ANTONIO,8,15,-7,0,0.26666666666666666
20251,Table of 32,CONCEPCION CHRISTIAN ANTHONY,ROSAROS JULIAN GUILE,15,11,4,1,0.6333333333333333
20251,Table of 32,BAYDID ANTONIO DOMINIC,MOULIC MAIRON JEREMIAH,10,15,-5,0,0.33333333333333337
20251,Table of 32,ACERON SEBASTIEN ADAM,RAMOS ANGELO,15,9,6,1,0.7
20251,Table of 32,CO BIRKIN EMELIANEN,CONCEPCION CHRISTIAN JHESTER,2,15,-13,0,0.066666667
20251,Table of 16,VILLANUEVA EUNICE DANIEL,SUPLICO ENRICO LUCIO,15,8,7,1,0.7333333333333334
20251,Table of 16,AGATEP ANDRE DOMINIC,REYES XAVIER MATTHEW,15,9,6,1,0.7
20251,Table of 16,MARUQUEZ KURT ROZAT,SENDICO EILRAHC,15,8,7,1,0.7333333333333334
20251,Table of 16,CABRERA THOMAS ROBERT,BABATIO CHARLES EDUARD,9,15,-6,0,0.3
20251,Table of 16,FELIPE KHIANE NASH,DAYRO JOHN PAUL,15,8,7,1,0.7333333333333334
20251,Table of 16,DAYRO JULIAN,BUENAVENTURA CHRISTIAN ANTONIO,15,12,3,1,0.6
20251,Table of 16,CONCEPCION CHRISTIAN ANTHONY,MOULIC MAIRON JEREMIAH,15,9,6,1,0.7
20251,Table of 16,ACERON SEBASTIEN ADAM,CONCEPCION CHRISTIAN JHESTER,4,15,-11,0,0.13333333333333336
20251,Table of 8,VILLANUEVA EUNICE DANIEL,AGATEP ANDRE DOMINIC,15,10,5,1,0.6666666666666666
20251,Table of 8,MARUQUEZ KURT ROZAT,BABATIO CHARLES EDUARD,15,10,5,1,0.6666666666666666
20251,Table of 8,FELIPE KHIANE NASH,DAYRO JULIAN,15,9,6,1,0.7
20251,Table of 8,CONCEPCION CHRISTIAN ANTHONY,CONCEPCION CHRISTIAN JHESTER,7,15,-8,0,0.23333333333333334
20251,Semi-Finals,VILLANUEVA EUNICE DANIEL,MARUQUEZ KURT ROZAT,15,11,4,1,0.6333333333333333
20251,Semi-Finals,FELIPE KHIANE NASH,CONCEPCION CHRISTIAN JHESTER,11,15,-4,0,0.3666666666666667
20251,Finals,VILLANUEVA EUNICE DANIEL,CONCEPCION CHRISTIAN JHESTER,7,15,-8,0,0.23333333333333334
20252,Table of 64,DIAZ MIGIE,RONSAYRO ENRICO JOAQUIN,8,15,-7,0,0.26666666666666666
20252,Table of 64,SIEMBRA JOHN BRYAN,BELLEZA LANZ JEREMY,6,15,-9,0,0.2
20252,Table of 64,ALARCON JACOB LUCAS,GALIAS KARL JOZEF,6,15,-9,0,0.2
20252,Table of 64,CO BIRKIN EMELIANEN,YOON TYCHO,13,15,-2,0,0.43333333333333335
20252,Table of 64,PALMADO MARCO ZESTER,ENCISO GABRIEL JEREMY,15,7,8,1,0.7666666666666666
20252,Table of 64,QUINDOZA DEXTER,SAN DIEGO MATTHEW,11,15,-4,0,0.3666666666666667
20252,Table of 64,DUYAN TIMOTHY ALLAN,VILLADOLID JORGE FRANCISCO,7,15,-8,0,0.23333333333333334
20252,Table of 32,VILLANUEVA EUNICE DANIEL,RONSAYRO ENRICO JOAQUIN,15,2,13,1,0.9333333333333333
20252,Table of 32,JIMENEZ II RAPHAEL MARTIN,BUENAVENTURA CHRISTIAN ANTONIO,10,15,-5,0,0.33333333333333337
20252,Table of 32,IGNACIO JEAN MATTHEW,ESTRADA JOSE YNIGO,15,6,9,1,0.8
20252,Table of 32,GENERAL MATTHEW LUIS,COCHING VITO MISAEL,10,15,-5,0,0.33333333333333337
20252,Table of 32,CORTEZ LARCO,BELLEZA LANZ JEREMY,15,8,7,1,0.7333333333333334
20252,Table of 32,BAYDID ANTONIO DOMINIC,ROSAROS JULIAN GUILE,15,8,7,1,0.7333333333333334
20252,Table of 32,DAYRO JULIAN,IBAY RAVI MICHAEL,14,15,-1,0,0.4666666666666667
20252,Table of 32,GALIAS KARL JOZEF,FELIPE KHIANE NASH,5,15,-10,0,0.16666666666666669
20252,Table of 32,BABATIO CHARLES EDUARD,YOON TYCHO,15,8,7,1,0.7333333333333334
20252,Table of 32,SUPLICO ENRICO LUCIO,MOULIC MAIRON JEREMIAH,15,10,5,1,0.6666666666666666
20252,Table of 32,AGATEP ANDRE DOMINIC,ACERON SEBASTIEN ADAM,15,7,8,1,0.7666666666666666
20252,Table of 32,PALMADO MARCO ZESTER,MARUQUEZ KURT ROZAT,11,15,-4,0,0.3666666666666667
20252,Table of 32,CABRERA THOMAS ROBERT,SAN DIEGO MATTHEW,15,3,12,1,0.9
20252,Table of 32,RAMOS ANGELO,CONCEPCION CHRISTIAN ANTHONY,4,15,-11,0,0.13333333333333336
20252,Table of 32,OLARTE EYCE WIN,REYES XAVIER MATTHEW,13,15,-2,0,0.43333333333333335
20252,Table of 32,VILLADOLID JORGE FRANCISCO,CONCEPCION CHRISTIAN JHESTER,3,15,-12,0,0.1
20252,Table of 16,VILLANUEVA EUNICE DANIEL,BUENAVENTURA CHRISTIAN ANTONIO,15,12,3,1,0.6
20252,Table of 16,IGNACIO JEAN MATTHEW,COCHING VITO MISAEL,15,10,5,1,0.6666666666666666
20252,Table of 16,CORTEZ LARCO,BAYDID ANTONIO DOMINIC,15,11,4,1,0.6333333333333333
20252,Table of 16,IBAY RAVI MICHAEL,FELIPE KHIANE NASH,3,15,-12,0,0.1
20252,Table of 16,BABATIO CHARLES EDUARD,SUPLICO ENRICO LUCIO,15,12,3,1,0.6
20252,Table of 16,AGATEP ANDRE DOMINIC,MARUQUEZ KURT ROZAT,4,15,-11,0,0.13333333333333336
20252,Table of 16,CABRERA THOMAS ROBERT,CONCEPCION CHRISTIAN ANTHONY,15,13,2,1,0.5666666666666667
20252,Table of 16,REYES XAVIER MATTHEW,CONCEPCION CHRISTIAN JHESTER,5,15,-10,0,0.16666666666666669
20252,Table of 8,VILLANUEVA EUNICE DANIEL,IGNACIO JEAN MATTHEW,13,15,-2,0,0.43333333333333335
20252,Table of 8,CORTEZ LARCO,FELIPE KHIANE NASH,10,15,-5,0,0.33333333333333337
20252,Table of 8,BABATIO CHARLES EDUARD,MARUQUEZ KURT ROZAT,15,10,5,1,0.6666666666666666
20252,Table of 8,CABRERA THOMAS ROBERT,CONCEPCION CHRISTIAN JHESTER,11,15,-4,0,0.3666666666666667
20252,Semi-Finals,IGNACIO JEAN MATTHEW,FELIPE KHIANE NASH,11,15,-4,0,0.3666666666666667
20252,Semi-Finals,BABATIO CHARLES EDUARD,CONCEPCION CHRISTIAN JHESTER,5,15,-10,0,0.16666666666666669
20252,Finals,FELIPE KHIANE NASH,CONCEPCION CHRISTIAN JHESTER,7,15,-8,0,0.23333333333333334
20253,Table of 32,VILLANUEVA EUNICE DANIEL,MANTILLA ZIV MIGUEL,15,5,10,1,0.8333333333333333
20253,Table of 32,JIMENEZ II RAPHAEL MARTIN,CUENCA RALPH XENEN,13,15,-2,0,0.43333333333333335
20253,Table of 32,AGATEP ANDRE DOMINIC,BELLEZA LANZ JEREMY,15,9,6,1,0.7
20253,Table of 32,PALMADO MARCO ZESTER,ROSAROS JULIAN GUILE,12,15,-3,0,0.4
20253,Table of 32,BABATIO CHARLES EDUARD,ONRUBIA OLIVER REY,15,6,9,1,0.8
20253,Table of 32,OLARTE EYCE WIN,IGNACIO JEAN MATTHEW,13,15,-2,0,0.43333333333333335
20253,Table of 32,DAYRO JULIAN,CABREDO INIGO JOAQUIN,15,4,11,1,0.8666666666666667
20253,Table of 32,ESTRADA JOSE YNIGO,CONCEPCION CHRISTIAN JHESTER,2,15,-13,0,0.066666667
20253,Table of 32,CONCEPCION CHRISTIAN ANTHONY,ALARCON JACOB LUCAS,15,5,10,1,0.8333333333333333
20253,Table of 32,SIEMBRA JOHN BRYAN,ACERON SEBASTIEN ADAM,11,15,-4,0,0.3666666666666667
20253,Table of 32,COCHING VITO MISAEL,CO BIRKIN EMELIANEN,15,2,13,1,0.9333333333333333
20253,Table of 32,MAGNO LUCAS PHILIPPE,MARUQUEZ KURT ROZAT,1,15,-14,0,0.033333333333333326
20253,Table of 32,BUENAVENTURA CHRISTIAN ANTONIO,SO PETER,15,1,14,1,0.9666666666666667
20253,Table of 32,GENERAL MATTHEW LUIS,REYES XAVIER MATTHEW,7,15,-8,0,0.23333333333333334
20253,Table of 32,SENDICO EILRAHC,JACINTOS BONIFACIO JR,15,14,1,1,0.5333333333333333
20253,Table of 32,YOON TYCHO,FELIPE KHIANE NASH,1,15,-14,0,0.033333333333333326
20253,Table of 16,VILLANUEVA EUNICE DANIEL,CUENCA RALPH XENEN,15,2,13,1,0.9333333333333333
20253,Table of 16,AGATEP ANDRE DOMINIC,ROSAROS JULIAN GUILE,15,3,12,1,0.9
20253,Table of 16,BABATIO CHARLES EDUARD,IGNACIO JEAN MATTHEW,15,5,10,1,0.8333333333333333
20253,Table of 16,DAYRO JULIAN,CONCEPCION CHRISTIAN JHESTER,6,15,-9,0,0.2
20253,Table of 16,CONCEPCION CHRISTIAN ANTHONY,ACERON SEBASTIEN ADAM,15,9,6,1,0.7
20253,Table of 16,COCHING VITO MISAEL,MARUQUEZ KURT ROZAT,7,15,-8,0,0.23333333333333334
20253,Table of 16,BUENAVENTURA CHRISTIAN ANTONIO,REYES XAVIER MATTHEW,15,9,6,1,0.7
20253,Table of 16,SENDICO EILRAHC,FELIPE KHIANE NASH,7,15,-8,0,0.23333333333333334
20253,Table of 8,VILLANUEVA EUNICE DANIEL,AGATEP ANDRE DOMINIC,15,11,4,1,0.6333333333333333
20253,Table of 8,BABATIO CHARLES EDUARD,CONCEPCION CHRISTIAN JHESTER,5,15,-10,0,0.16666666666666669
20253,Table of 8,CONCEPCION CHRISTIAN ANTHONY,MARUQUEZ KURT ROZAT,15,11,4,1,0.6333333333333333
20253,Table of 8,BUENAVENTURA CHRISTIAN ANTONIO,FELIPE KHIANE NASH,15,14,1,1,0.5333333333333333
20253,Semi-Finals,VILLANUEVA EUNICE DANIEL,CONCEPCION CHRISTIAN JHESTER,13,15,-2,0,0.43333333333333335
20253,Semi-Finals,CONCEPCION CHRISTIAN ANTHONY,BUENAVENTURA CHRISTIAN ANTONIO,15,13,2,1,0.5666666666666667
20253,Finals,CONCEPCION CHRISTIAN JHESTER,CONCEPCION CHRISTIAN ANTHONY,13,15,-2,0,0.43333333333333335
20254,Table of 32,OLARTE EYCE WIN,CABREDO INIGO JOAQUIN,15,14,1,1,0.5333333333333333
20254,Table of 32,AGATEP ANDRE DOMINIC,ROXAS LUIS JAVIER,15,4,11,1,0.8666666666666667
20254,Table of 32,EVANGELISTA ETHAN,IGNACIO JEAN MATTHEW,3,15,-12,0,0.1
20254,Table of 32,SANTOS ETHAN ERICSON JABEZ,GENERAL MATTHEW LUIS,7,15,-8,0,0.23333333333333334
20254,Table of 32,ROSAROS JULIAN GUILE,SIEMBRA JOHN BRYAN,15,10,5,1,0.6666666666666666
20254,Table of 32,DIAZ MIGIE,CABRERA THOMAS ROBERT,10,15,-5,0,0.33333333333333337
20254,Table of 32,BABATIO CHARLES EDUARD,ESTRADA JOSE YNIGO,15,4,11,1,0.8666666666666667
20254,Table of 32,YOON TYCHO,JACINTOS BONIFACIO JR,7,15,-8,0,0.23333333333333334
20254,Table of 32,COCHING VITO MISAEL,ALARCON JACOB LUCAS,15,4,11,1,0.8666666666666667
20254,Table of 32,PALMADO MARCO ZESTER,MARUQUEZ KURT ROZAT,6,15,-9,0,0.2
20254,Table of 32,ACERON SEBASTIEN ADAM,CO BIRKIN EMELIANEN,15,6,9,1,0.8
20254,Table of 16,VILLANUEVA EUNICE DANIEL,OLARTE EYCE WIN,15,4,11,1,0.8666666666666667
20254,Table of 16,AGATEP ANDRE DOMINIC,IGNACIO JEAN MATTHEW,15,14,1,1,0.5333333333333333
20254,Table of 16,BUENAVENTURA CHRISTIAN ANTONIO,GENERAL MATTHEW LUIS,15,6,9,1,0.8
20254,Table of 16,ROSAROS JULIAN GUILE,CONCEPCION CHRISTIAN ANTHONY,7,15,-8,0,0.23333333333333334
20254,Table of 16,CONCEPCION CHRISTIAN JHESTER,CABRERA THOMAS ROBERT,15,10,5,1,0.6666666666666666
20254,Table of 16,BABATIO CHARLES EDUARD,JACINTOS BONIFACIO JR,15,10,5,1,0.6666666666666666
20254,Table of 16,COCHING VITO MISAEL,MARUQUEZ KURT ROZAT,11,15,-4,0,0.3666666666666667
20254,Table of 16,ACERON SEBASTIEN ADAM,FELIPE KHIANE NASH,6,15,-9,0,0.2
20254,Table of 8,VILLANUEVA EUNICE DANIEL,AGATEP ANDRE DOMINIC,15,6,9,1,0.8
20254,Table of 8,BUENAVENTURA CHRISTIAN ANTONIO,CONCEPCION CHRISTIAN ANTHONY,14,15,-1,0,0.4666666666666667
20254,Table of 8,CONCEPCION CHRISTIAN JHESTER,BABATIO CHARLES EDUARD,15,11,4,1,0.6333333333333333
20254,Table of 8,MARUQUEZ KURT ROZAT,FELIPE KHIANE NASH,14,15,-1,0,0.4666666666666667
20254,Semi-Finals,VILLANUEVA EUNICE DANIEL,CONCEPCION CHRISTIAN ANTHONY,15,12,3,1,0.6
20254,Semi-Finals,CONCEPCION CHRISTIAN JHESTER,FELIPE KHIANE NASH,15,13,2,1,0.5666666666666667
20254,Finals,VILLANUEVA EUNICE DANIEL,CONCEPCION CHRISTIAN JHESTER,11,15,-4,0,0.3666666666666667
20255,Table of 32,YU PING KUN TRISTAN,IGNACIO JEAN MATTHEW,8,15,-7,0,0.26666666666666666
20255,Table of 32,BUENAVENTURA CHRISTIAN ANTONIO,ROSAROS JULIAN GUILE,15,4,11,1,0.8666666666666667
20255,Table of 32,SANTOS ETHAN ERICSON JABEZ,MOULIC MAIRON JEREMIAH,4,15,-11,0,0.13333333333333336
20255,Table of 32,FELIPE KHIANE NASH,GENERAL MATTHEW LUIS,15,1,14,1,0.9666666666666667
20255,Table of 32,DUYAN TIMOTHY ALLAN,AGATEP ANDRE DOMINIC,11,15,-4,0,0.3666666666666667
20255,Table of 32,CHUNG DRAKE ANTHONY,CUENCA RALPH XENEN,10,15,-5,0,0.33333333333333337
20255,Table of 32,MAGNO LUCAS PHILIPPE,MARUQUEZ KURT ROZAT,4,15,-11,0,0.13333333333333336
20255,Table of 32,CONCEPCION CHRISTIAN ANTHONY,GENEROSO ZHUDE MARTE,15,1,14,1,0.9666666666666667
20255,Table of 32,GALLEGOS AVIAN GUINTO SOLEIL,GALIAS KARL JOZEF,13,15,-2,0,0.43333333333333335
20255,Table of 32,COCHING VITO MISAEL,ACERON SEBASTIEN ADAM,15,12,3,1,0.6
20255,Table of 32,ESCUTIN MICHAEL DANIEL,JACINTOS BONIFACIO JR,4,15,-11,0,0.13333333333333336
20255,Table of 32,BABATIO CHARLES EDUARD,FERNANDEZ ALDRICH,15,3,12,1,0.9
20255,Table of 32,SO PETER,REYES XAVIER MATTHEW,12,15,-3,0,0.4
20255,Table of 32,SHOEMAKER LANCE JAYDEN,ESTRADA JOSE YNIGO,15,8,7,1,0.7333333333333334
20255,Table of 32,VALENCIA CALEB BALIAN,VILLANUEVA EUNICE DANIEL,0,15,-15,0,0
20255,Table of 16,CONCEPCION CHRISTIAN JHESTER,IGNACIO JEAN MATTHEW,15,8,7,1,0.7333333333333334
20255,Table of 16,BUENAVENTURA CHRISTIAN ANTONIO,MOULIC MAIRON JEREMIAH,15,7,8,1,0.7666666666666666
20255,Table of 16,FELIPE KHIANE NASH,AGATEP ANDRE DOMINIC,15,12,3,1,0.6
20255,Table of 16,CUENCA RALPH XENEN,MARUQUEZ KURT ROZAT,4,15,-11,0,0.13333333333333336
20255,Table of 16,CONCEPCION CHRISTIAN ANTHONY,GALIAS KARL JOZEF,15,4,11,1,0.8666666666666667
20255,Table of 16,COCHING VITO MISAEL,JACINTOS BONIFACIO JR,14,15,-1,0,0.4666666666666667
20255,Table of 16,BABATIO CHARLES EDUARD,REYES XAVIER MATTHEW,15,6,9,1,0.8
20255,Table of 16,SHOEMAKER LANCE JAYDEN,VILLANUEVA EUNICE DANIEL,1,15,-14,0,0.033333333333333326
20255,Table of 8,CONCEPCION CHRISTIAN JHESTER,BUENAVENTURA CHRISTIAN ANTONIO,15,8,7,1,0.7333333333333334
20255,Table of 8,FELIPE KHIANE NASH,MARUQUEZ KURT ROZAT,15,12,3,1,0.6
20255,Table of 8,CONCEPCION CHRISTIAN ANTHONY,JACINTOS BONIFACIO JR,15,1,14,1,0.9666666666666667
20255,Table of 8,BABATIO CHARLES EDUARD,VILLANUEVA EUNICE DANIEL,6,15,-9,0,0.2
20255,Semi-Finals,CONCEPCION CHRISTIAN JHESTER,FELIPE KHIANE NASH,15,10,5,1,0.6666666666666666
20255,Semi-Finals,CONCEPCION CHRISTIAN ANTHONY,VILLANUEVA EUNICE DANIEL,10,15,-5,0,0.33333333333333337
20255,Finals,CONCEPCION CHRISTIAN JHESTER,VILLANUEVA EUNICE DANIEL,15,13,2,1,0.5666666666666667